Workbook

Sheet Test Cases
A1: BỘ TEST CASE GIAO DIỆN (FRONTEND) - DỰ ÁN FANDOMVERSE
A2: Dự án: FandomVerse | Phiên bản: v1.0 (UI-only) | Ngày cập nhật: 23/09/2026 | Người tạo: [Tên QA] | Phạm vi: Chỉ kiểm thử giao diện (Frontend) SPA client-side, không gọi API backend thực tế, không kiểm tra Database
A4: A. TRANG CHỦ (HOME PAGE) (12 test case)
A5: STT | B5: ID/Mã kiểm thử | C5: Tên kiểm thử | D5: Mô tả kiểm thử | E5: Môi trường kiểm thử | F5: Các bước thực hiện | G5: Dữ liệu để kiểm thử | H5: Kết quả mong đợi | I5: Kết quả thực tế | J5: Đánh giá | K5: Mức độ ưu tiên | L5: Người thực hiện | M5: Ngày thực hiện | N5: Ghi chú
A6: 1 | B6: TC_HOME_01 | C6: Hiển thị đầy đủ thành phần giao diện trang chủ khi tải lần đầu | D6: Kiểm tra khi mở trang chủ lần đầu, toàn bộ thành phần UI cốt lõi (logo, tiêu đề, giới thiệu, nav, carousel, chatbot) hiển thị đầy đủ. | E6: Web: Chrome 125+, Firefox 126+, Safari 17+ / Windows 11 & macOS URL: https://fandomverse.example.com/#home | F6: 1. Mở trình duyệt, truy cập URL trang chủ 2. Quan sát toàn bộ khung màn hình từ trên xuống dưới 3. Đối chiếu với danh sách thành phần yêu cầu ở SRS mục 1.6.1 | G6: Không cần dữ liệu nhập - chỉ quan sát giao diện tải lần đầu | H6: - Logo portal, tiêu đề động, đoạn giới thiệu hiển thị đầy đủ, không lỗi ảnh vỡ. - Thanh điều hướng 7 danh mục hiển thị đúng. - Carousel nội dung nổi bật và icon chatbot hiển thị. - Không có phần tử nào bị che khuất hoặc lỗi layout. | J6: Untested | K6: Critical | N6: Happy path - luôn chạy đầu tiên trong nhóm Trang chủ.
A7: 2 | B7: TC_HOME_02 | C7: Hiệu ứng animation tiêu đề chạy mượt, không giật/lag | D7: Kiểm tra tiêu đề động (animated title heading) trên trang chủ chạy hiệu ứng đúng như thiết kế và không gây giật hình. | E7: Web: Chrome 125+, Firefox 126+, Safari 17+ / Windows 11 & macOS URL: https://fandomverse.example.com/#home | F7: 1. Truy cập trang chủ, tải lại trang (F5) 3 lần liên tiếp 2. Quan sát hiệu ứng chữ/logo tại vùng tiêu đề mỗi lần tải 3. Dùng DevTools > Performance ghi lại 5s đầu để kiểm tra FPS | G7: Không có dữ liệu nhập cụ thể | H7: Hiệu ứng animation chạy mượt (không giật, không nháy), lặp lại nhất quán qua các lần tải; FPS không tụt xuống dưới ngưỡng gây khó chịu (ước lượng quan sát). | J7: Untested | K7: Minor
A8: 3 | B8: TC_HOME_03 | C8: Thanh điều hướng hiển thị đủ 7 danh mục đúng thứ tự | D8: Kiểm tra navbar/grid điều hướng trang chủ hiển thị đầy đủ và đúng thứ tự 7 danh mục theo SRS. | E8: Web: Chrome 125+, Firefox 126+, Safari 17+ / Windows 11 & macOS URL: https://fandomverse.example.com/#home | F8: 1. Truy cập trang chủ 2. Quan sát danh sách danh mục trên thanh điều hướng hoặc lưới danh mục 3. Đối chiếu tên và thứ tự với SRS mục 1.2 | G8: Danh sách kỳ vọng: Anime, Gaming, Movies, TV Shows, K-Pop, Comics, Manga | H8: Hiển thị đầy đủ và đúng thứ tự 7 danh mục, không thiếu/thừa/sai chính tả tên danh mục. | J8: Untested | K8: Major
A9: 4 | B9: TC_HOME_04 | C9: Click từng danh mục điều hướng đúng tới Category Hub tương ứng | D9: Kiểm tra khi click vào mỗi mục trên navbar, hệ thống điều hướng đúng tới trang Category Hub tương ứng (data-driven cho cả 7 danh mục). | E9: Web: Chrome 125+, Firefox 126+, Safari 17+ / Windows 11 & macOS URL: https://fandomverse.example.com/#home | F9: 1. Truy cập trang chủ 2. Lần lượt click từng danh mục trong navbar (7 lần) 3. Sau mỗi lần click, quan sát URL hash và tiêu đề trang hiển thị | G9: 7 danh mục: Anime, Gaming, Movies, TV Shows, K-Pop, Comics, Manga | H9: Mỗi lần click điều hướng đúng tới Category Hub tương ứng (URL đổi đúng hash, tiêu đề trang khớp tên danh mục), không nhảy nhầm trang. | J9: Untested | K9: Critical | N9: Data-driven testing cho 7 danh mục.
A10: 5 | B10: TC_HOME_05 | C10: Carousel nội dung nổi bật tự động chuyển slide theo thời gian | D10: Kiểm tra khu vực Featured Content trên trang chủ tự động chuyển slide sau một khoảng thời gian cố định. | E10: Web: Chrome 125+, Firefox 126+, Safari 17+ / Windows 11 & macOS URL: https://fandomverse.example.com/#home | F10: 1. Truy cập trang chủ 2. Không thao tác gì, quan sát và bấm giờ khoảng thời gian giữa 2 lần chuyển slide liên tiếp (đo 3 lần) 3. Ghi nhận nội dung hiển thị ở mỗi slide | G10: Không có dữ liệu nhập cụ thể | H10: Carousel tự động chuyển slide theo chu kỳ thời gian nhất quán (sai số nhỏ), nội dung mỗi slide hiển thị đúng ảnh/tiêu đề tương ứng dữ liệu JSON. | J10: Untested | K10: Minor
A11: 6 | B11: TC_HOME_06 | C11: Điều hướng thủ công carousel bằng nút Next/Prev và chấm chỉ số | D11: Kiểm tra người dùng có thể chủ động chuyển slide bằng nút mũi tên hoặc click vào chấm chỉ số (dots). | E11: Web: Chrome 125+, Firefox 126+, Safari 17+ / Windows 11 & macOS URL: https://fandomverse.example.com/#home | F11: 1. Truy cập trang chủ 2. Click nút Next 2 lần, quan sát slide chuyển đúng thứ tự 3. Click nút Prev 1 lần, quan sát quay lại đúng slide trước 4. Click trực tiếp vào 1 chấm chỉ số bất kỳ | G11: Không có dữ liệu nhập cụ thể | H11: Slide chuyển đúng theo thao tác người dùng ở cả 3 cách; chấm chỉ số đang active cập nhật đúng vị trí slide hiện tại. | J11: Untested | K11: Minor
A12: 7 | B12: TC_HOME_07 | C12: Click item carousel điều hướng đúng tới trang chi tiết | D12: Kiểm tra khi click vào 1 item trong carousel Featured Content, hệ thống điều hướng đúng tới trang chi tiết nội dung tương ứng. | E12: Web: Chrome 125+, Firefox 126+, Safari 17+ / Windows 11 & macOS URL: https://fandomverse.example.com/#home | F12: 1. Truy cập trang chủ 2. Ghi nhận tiêu đề item đang hiển thị trên carousel 3. Click vào item đó 4. Quan sát trang được điều hướng tới | G12: Item carousel bất kỳ đang hiển thị (bài viết/trailer/sự kiện) | H12: Điều hướng đúng tới trang chi tiết của item đã click, nội dung trang chi tiết khớp với item đã chọn trên carousel. | J12: Untested | K12: Major
A13: 8 | B13: TC_HOME_08 | C13: Icon Chatbot Launcher luôn hiển thị cố định khi cuộn trang | D13: Kiểm tra icon chatbot nổi (floating) giữ nguyên vị trí cố định trên màn hình khi người dùng cuộn trang chủ. | E13: Web: Chrome 125+, Firefox 126+, Safari 17+ / Windows 11 & macOS URL: https://fandomverse.example.com/#home | F13: 1. Truy cập trang chủ 2. Cuộn trang xuống hết nội dung (scroll to bottom) 3. Quan sát vị trí icon chatbot trong suốt quá trình cuộn | G13: Không có dữ liệu nhập cụ thể | H13: Icon chatbot luôn hiển thị cố định (fixed position) ở cùng 1 vị trí góc màn hình trong suốt quá trình cuộn trang, không bị che bởi nội dung khác. | J13: Untested | K13: Minor
A14: 9 | B14: TC_HOME_09 | C14: Trang chủ hiển thị đúng và responsive trên thiết bị di động | D14: Kiểm tra layout trang chủ chuyển đổi đúng sang giao diện mobile (menu hamburger, carousel dạng dọc/vuốt) khi truy cập từ thiết bị di động. | E14: Web: Chrome 125+, Firefox 126+, Safari 17+ / Windows 11 & macOS URL: https://fandomverse.example.com/#home | F14: 1. Mở trình duyệt mobile hoặc thu nhỏ viewport về 375px 2. Truy cập trang chủ 3. Kiểm tra menu điều hướng chuyển thành dạng hamburger/thu gọn 4. Vuốt carousel Featured Content | G14: Không có dữ liệu nhập cụ thể | H14: Layout không bị vỡ, không tràn ngang; menu điều hướng thu gọn dạng hamburger hoạt động đúng; carousel vuốt được bằng thao tác chạm (swipe). | J14: Untested | K14: Major
A15: 10 | B15: TC_HOME_10 | C15: Trang chủ hiển thị trạng thái loading khi đang tải dữ liệu JSON | D15: Kiểm tra giao diện hiển thị skeleton/spinner hợp lý trong lúc các file JSON dữ liệu Featured Content đang được fetch. | E15: Web: Chrome 125+, Firefox 126+, Safari 17+ / Windows 11 & macOS URL: https://fandomverse.example.com/#home | F15: 1. Mở DevTools > Network, bật Throttling "Slow 3G" 2. Truy cập/tải lại trang chủ 3. Quan sát trạng thái giao diện trong lúc dữ liệu đang tải | G15: Điều kiện mạng: Slow 3G (throttled) | H15: Hiển thị skeleton loading hoặc spinner tại khu vực carousel/nội dung đang chờ dữ liệu, không hiển thị khung trắng/lỗi trong lúc chờ. | J15: Untested | K15: Minor | N15: Kiểm thử trải nghiệm khi mạng chậm.
A16: 11 | B16: TC_HOME_11 | C16: Xử lý khi file JSON Featured Content lỗi hoặc không tải được | D16: Kiểm tra giao diện xử lý hợp lý (không crash trắng trang) khi file JSON dữ liệu nội dung nổi bật bị lỗi hoặc không truy cập được. | E16: Web: Chrome 125+, Firefox 126+, Safari 17+ / Windows 11 & macOS URL: https://fandomverse.example.com/#home | F16: 1. Dùng DevTools > Network, chặn (block) request tới file contents.json hoặc events.json 2. Tải lại trang chủ 3. Quan sát khu vực Featured Content | G16: Request tới file JSON dữ liệu Featured Content bị chặn (giả lập lỗi tải) | H16: Khu vực Featured Content hiển thị thông báo lỗi/thông báo trống hợp lý (VD: "Không thể tải nội dung, vui lòng thử lại"), các phần khác của trang vẫn hoạt động bình thường, không phát sinh lỗi console nghiêm trọng. | J16: Untested | K16: Major
A17: 12 | B17: TC_HOME_12 | C17: Khả năng điều hướng bàn phím cho menu và carousel trang chủ | D17: Kiểm tra toàn bộ navbar và carousel trên trang chủ có thể thao tác hoàn toàn bằng bàn phím (Accessibility). | E17: Web: Chrome 125+, Firefox 126+, Safari 17+ / Windows 11 & macOS URL: https://fandomverse.example.com/#home | F17: 1. Truy cập trang chủ, click vào vùng nội dung để focus 2. Dùng phím Tab để di chuyển qua từng mục navbar và nút carousel 3. Dùng phím Enter để kích hoạt 1 mục navbar đang focus | G17: Không có dữ liệu nhập cụ thể - thao tác hoàn toàn bằng bàn phím | H17: Thứ tự Tab logic từ trên xuống dưới, trái sang phải; mỗi phần tử có viền focus rõ ràng; Enter kích hoạt điều hướng đúng như khi click chuột. | J17: Untested | K17: Minor | N17: Kiểm thử khả năng tiếp cận (Accessibility/A11y).
A19: B. DANH MỤC FANDOM (CATEGORY HUB) (20 test case)
A20: STT | B20: ID/Mã kiểm thử | C20: Tên kiểm thử | D20: Mô tả kiểm thử | E20: Môi trường kiểm thử | F20: Các bước thực hiện | G20: Dữ liệu để kiểm thử | H20: Kết quả mong đợi | I20: Kết quả thực tế | J20: Đánh giá | K20: Mức độ ưu tiên | L20: Người thực hiện | M20: Ngày thực hiện | N20: Ghi chú
A21: 1 | B21: TC_CAT_01 | C21: Truy cập Category Hub Anime hiển thị đúng danh sách nội dung (Happy path) | D21: Kiểm tra khi truy cập Category Hub "Anime", giao diện render đúng danh sách card nội dung từ contents.json. | E21: Web: Chrome 125+, Firefox 126+, Safari 17+ / Windows 11 & macOS URL: https://fandomverse.example.com/#anime | F21: 1. Truy cập trang chủ 2. Click danh mục "Anime" 3. Quan sát danh sách card nội dung hiển thị 4. Đối chiếu số lượng/nội dung với dữ liệu contents.json mẫu | G21: Danh mục: Anime | H21: Danh sách card nội dung Anime hiển thị đầy đủ, đúng dữ liệu nguồn, không có card trống hoặc dữ liệu sai danh mục. | J21: Untested | K21: Critical | N21: Happy path - chạy đầu tiên nhóm Category Hub.
A22: 2 | B22: TC_CAT_02 | C22: Card nội dung hiển thị đầy đủ các trường bắt buộc | D22: Kiểm tra mỗi card nội dung trong Category Hub hiển thị đủ Title, Thumbnail, Mô tả ngắn, Loại nội dung, Sub-tag. | E22: Web: Chrome 125+, Firefox 126+, Safari 17+ / Windows 11 & macOS URL: https://fandomverse.example.com/#anime | F22: 1. Truy cập 1 Category Hub bất kỳ (VD: Gaming) 2. Chọn ngẫu nhiên 3 card bất kỳ 3. Kiểm tra từng trường hiển thị trên mỗi card | G22: Danh mục: Gaming, kiểm tra 3 card ngẫu nhiên | H22: Mỗi card hiển thị đầy đủ 5 trường: Title, Thumbnail, Mô tả ngắn, Loại nội dung (badge/icon), Sub-tag; không có trường nào bị thiếu hoặc hiển thị "undefined". | J22: Untested | K22: Major
A23: 3 | B23: TC_CAT_03 | C23: Data-driven: Truy cập đủ cả 7 Category Hub hiển thị đúng nội dung riêng biệt | D23: Kiểm tra lần lượt cả 7 Category Hub chỉ hiển thị đúng nội dung thuộc danh mục tương ứng, không lẫn dữ liệu danh mục khác. | E23: Web: Chrome 125+, Firefox 126+, Safari 17+ / Windows 11 & macOS URL: https://fandomverse.example.com/#anime | F23: 1. Lần lượt truy cập từng Category Hub: Anime, Gaming, Movies, TV Shows, K-Pop, Comics, Manga 2. Với mỗi hub, kiểm tra toàn bộ card hiển thị đều thuộc đúng danh mục đang chọn | G23: 7 danh mục: Anime, Gaming, Movies, TV Shows, K-Pop, Comics, Manga | H23: Mỗi Category Hub chỉ hiển thị nội dung đúng danh mục của nó, không xuất hiện card thuộc danh mục khác ở bất kỳ hub nào. | J23: Untested | K23: Critical | N23: Data-driven testing cho toàn bộ 7 danh mục.
A24: 4 | B24: TC_CAT_04 | C24: Bộ lọc theo loại nội dung hoạt động đúng | D24: Kiểm tra bộ lọc Content Type (Article/Gallery/Video/Audio/Character/Event/Merchandise/Release) lọc đúng danh sách card hiển thị. | E24: Web: Chrome 125+, Firefox 126+, Safari 17+ / Windows 11 & macOS URL: https://fandomverse.example.com/#anime | F24: 1. Truy cập Category Hub "Movies" 2. Chọn lần lượt từng loại nội dung trong bộ lọc 3. Sau mỗi lần chọn, kiểm tra danh sách card chỉ còn đúng loại đã chọn | G24: Danh mục: Movies; lần lượt chọn từng loại: Article, Gallery, Video, Audio, Character, Event, Merchandise, Release | H24: Với mỗi lựa chọn, danh sách chỉ hiển thị đúng card thuộc loại nội dung đã chọn, không lẫn loại khác. | J24: Untested | K24: Major | N24: Data-driven cho 8 loại nội dung.
A25: 5 | B25: TC_CAT_05 | C25: Chọn nhiều bộ lọc loại nội dung cùng lúc (multi-select) | D25: Kiểm tra khi chọn đồng thời nhiều loại nội dung trong bộ lọc, danh sách hiển thị đúng hợp (union) các loại đã chọn. | E25: Web: Chrome 125+, Firefox 126+, Safari 17+ / Windows 11 & macOS URL: https://fandomverse.example.com/#anime | F25: 1. Truy cập Category Hub "Comics" 2. Tick chọn đồng thời 2 loại: "Gallery" và "Video" 3. Quan sát danh sách card kết quả | G25: Danh mục: Comics; chọn đồng thời: Gallery + Video | H25: Danh sách hiển thị đúng tất cả card thuộc loại Gallery HOẶC Video, không hiển thị loại khác, không bị trùng lặp card. | J25: Untested | K25: Minor
A26: 6 | B26: TC_CAT_06 | C26: Bộ lọc theo Sub-tag danh mục hoạt động đúng | D26: Kiểm tra bộ lọc theo Sub-tag (VD: Shounen, Isekai đối với Anime) lọc đúng danh sách card tương ứng. | E26: Web: Chrome 125+, Firefox 126+, Safari 17+ / Windows 11 & macOS URL: https://fandomverse.example.com/#anime | F26: 1. Truy cập Category Hub "Anime" 2. Chọn Sub-tag "Isekai" trong bộ lọc 3. Quan sát danh sách card kết quả | G26: Danh mục: Anime; Sub-tag: Isekai | H26: Danh sách chỉ hiển thị đúng các card có gắn Sub-tag "Isekai", không lẫn nội dung không thuộc sub-tag này. | J26: Untested | K26: Minor
A27: 7 | B27: TC_CAT_07 | C27: Sắp xếp Alphabetical (A-Z và Z-A) hoạt động đúng | D27: Kiểm tra tùy chọn sắp xếp theo bảng chữ cái sắp đúng thứ tự tăng dần và giảm dần theo Title. | E27: Web: Chrome 125+, Firefox 126+, Safari 17+ / Windows 11 & macOS URL: https://fandomverse.example.com/#anime | F27: 1. Truy cập Category Hub "TV Shows" 2. Chọn Sort "A-Z", ghi nhận thứ tự Title 5 card đầu 3. Chọn Sort "Z-A", ghi nhận lại thứ tự | G27: Danh mục: TV Shows; Sort: A-Z, Z-A | H27: Danh sách sắp xếp đúng thứ tự bảng chữ cái tăng dần khi chọn A-Z, và giảm dần khi chọn Z-A. | J27: Untested | K27: Minor
A28: 8 | B28: TC_CAT_08 | C28: Sắp xếp Newest hiển thị nội dung mới nhất lên đầu | D28: Kiểm tra tùy chọn sắp xếp Newest hiển thị đúng nội dung có ngày đăng/ngày phát hành mới nhất lên đầu danh sách. | E28: Web: Chrome 125+, Firefox 126+, Safari 17+ / Windows 11 & macOS URL: https://fandomverse.example.com/#anime | F28: 1. Truy cập Category Hub "K-Pop" 2. Chọn Sort "Newest" 3. Đối chiếu ngày đăng của 3 card đầu tiên | G28: Danh mục: K-Pop; Sort: Newest | H28: 3 card đầu tiên có ngày đăng/phát hành mới nhất, thứ tự giảm dần theo thời gian đến cuối danh sách. | J28: Untested | K28: Minor
A29: 9 | B29: TC_CAT_09 | C29: Sắp xếp Popularity/Featured hoạt động đúng | D29: Kiểm tra tùy chọn sắp xếp theo mức độ phổ biến/nổi bật hiển thị đúng thứ tự theo cờ featured/popularity trong dữ liệu. | E29: Web: Chrome 125+, Firefox 126+, Safari 17+ / Windows 11 & macOS URL: https://fandomverse.example.com/#anime | F29: 1. Truy cập Category Hub "Manga" 2. Chọn Sort "Popularity/Featured" 3. Đối chiếu thứ tự hiển thị với trường popularity/featured trong contents.json | G29: Danh mục: Manga; Sort: Popularity/Featured | H29: Danh sách sắp xếp đúng theo mức độ phổ biến/nổi bật giảm dần, khớp với dữ liệu nguồn. | J29: Untested | K29: Minor
A30: 10 | B30: TC_CAT_10 | C30: Kết hợp đồng thời Filter và Sort | D30: Kiểm tra khi áp dụng đồng thời bộ lọc loại nội dung và tùy chọn sắp xếp, kết quả hiển thị đúng cả 2 điều kiện. | E30: Web: Chrome 125+, Firefox 126+, Safari 17+ / Windows 11 & macOS URL: https://fandomverse.example.com/#anime | F30: 1. Truy cập Category Hub "Gaming" 2. Chọn Filter "Video" 3. Chọn thêm Sort "Newest" 4. Quan sát danh sách kết quả | G30: Danh mục: Gaming; Filter: Video; Sort: Newest | H30: Danh sách chỉ hiển thị card loại Video, được sắp xếp đúng theo Newest (mới nhất lên đầu). | J30: Untested | K30: Major
A31: 11 | B31: TC_CAT_11 | C31: Nút Clear Filters reset về danh sách đầy đủ | D31: Kiểm tra nút xóa bộ lọc (Clear Filters) đưa danh sách trở về trạng thái ban đầu, không còn áp dụng filter/sort nào. | E31: Web: Chrome 125+, Firefox 126+, Safari 17+ / Windows 11 & macOS URL: https://fandomverse.example.com/#anime | F31: 1. Truy cập Category Hub bất kỳ, áp dụng 1 filter loại nội dung và 1 tùy chọn sort 2. Nhấn nút "Xóa bộ lọc" 3. Quan sát danh sách và trạng thái các control filter/sort | G31: Danh mục bất kỳ (VD: Anime); Filter: Character; Sort: Newest | H31: Danh sách trở về đầy đủ toàn bộ nội dung của danh mục, các control filter/sort trở về trạng thái mặc định (chưa chọn). | J31: Untested | K31: Minor
A32: 12 | B32: TC_CAT_12 | C32: Trạng thái Empty khi bộ lọc không khớp nội dung nào | D32: Kiểm tra giao diện hiển thị thông báo hợp lý khi kết hợp bộ lọc dẫn tới không có kết quả nào. | E32: Web: Chrome 125+, Firefox 126+, Safari 17+ / Windows 11 & macOS URL: https://fandomverse.example.com/#anime | F32: 1. Truy cập Category Hub "K-Pop" 2. Chọn kết hợp Filter "Merchandise" + Sub-tag không tồn tại dữ liệu tương ứng (nếu có) 3. Quan sát khu vực danh sách kết quả | G32: Danh mục: K-Pop; Filter kết hợp không có dữ liệu khớp | H32: Hiển thị thông báo/illustration "Không tìm thấy nội dung phù hợp" rõ ràng, không hiển thị khung trắng hoặc lỗi giao diện. | J32: Untested | K32: Minor
A33: 13 | B33: TC_CAT_13 | C33: Click card nội dung điều hướng đúng tới trang chi tiết | D33: Kiểm tra khi click vào 1 card bất kỳ trong Category Hub, hệ thống điều hướng đúng tới trang chi tiết tương ứng loại nội dung của card đó. | E33: Web: Chrome 125+, Firefox 126+, Safari 17+ / Windows 11 & macOS URL: https://fandomverse.example.com/#anime | F33: 1. Truy cập Category Hub "Comics" 2. Chọn 1 card loại "Article" và click vào 3. Quan sát trang được điều hướng tới 4. Quay lại, lặp lại với 1 card loại "Character" | G33: Danh mục: Comics; loại card: Article, Character | H33: Mỗi loại card điều hướng đúng tới đúng dạng trang chi tiết tương ứng (trang bài viết cho Article, trang hồ sơ cho Character), nội dung khớp với card đã chọn. | J33: Untested | K33: Major
A34: 14 | B34: TC_CAT_14 | C34: Tải thêm/phân trang khi danh mục có nhiều nội dung | D34: Kiểm tra cơ chế Load more/Infinite scroll hoạt động đúng khi Category Hub có số lượng nội dung lớn hơn 1 trang hiển thị. | E34: Web: Chrome 125+, Firefox 126+, Safari 17+ / Windows 11 & macOS URL: https://fandomverse.example.com/#anime | F34: 1. Truy cập Category Hub có nhiều nội dung nhất (VD: Anime) 2. Cuộn xuống cuối danh sách hiện tại hoặc nhấn nút "Xem thêm" (nếu có) 3. Quan sát nội dung mới được tải thêm | G34: Danh mục: Anime (giả định có nhiều bản ghi trong contents.json) | H34: Nội dung mới được tải thêm đúng, không trùng lặp với nội dung đã hiển thị trước đó, có trạng thái loading trong lúc tải thêm. | J34: Untested | K34: Minor | N34: Chỉ áp dụng nếu danh mục có đủ lượng dữ liệu vượt 1 trang.
A35: 15 | B35: TC_CAT_15 | C35: Card hiển thị hợp lý khi thiếu trường dữ liệu tùy chọn trong JSON | D35: Kiểm tra giao diện xử lý hợp lý khi 1 bản ghi trong contents.json thiếu trường tùy chọn (VD: thiếu thumbnail). | E35: Web: Chrome 125+, Firefox 126+, Safari 17+ / Windows 11 & macOS URL: https://fandomverse.example.com/#anime | F35: 1. Chuẩn bị 1 bản ghi test thiếu trường "thumbnail" trong contents.json (môi trường Staging) 2. Truy cập Category Hub chứa bản ghi đó 3. Quan sát card tương ứng | G35: Bản ghi thiếu trường thumbnail | H35: Card hiển thị ảnh placeholder mặc định thay cho thumbnail bị thiếu, không vỡ layout, không hiển thị ô trống/lỗi ảnh (broken icon). | J35: Untested | K35: Minor
A36: 16 | B36: TC_CAT_16 | C36: Breadcrumb hiển thị đúng khi ở trong Category Hub | D36: Kiểm tra breadcrumb hiển thị đúng đường dẫn khi người dùng đang ở 1 Category Hub bất kỳ. | E36: Web: Chrome 125+, Firefox 126+, Safari 17+ / Windows 11 & macOS URL: https://fandomverse.example.com/#anime | F36: 1. Truy cập Category Hub "Movies" 2. Quan sát breadcrumb ở đầu trang | G36: Danh mục: Movies | H36: Breadcrumb hiển thị đúng dạng "Trang chủ > Movies", mỗi mắt xích là link hoạt động được. | J36: Untested | K36: Minor
A37: 17 | B37: TC_CAT_17 | C37: Category Hub responsive đúng trên tablet và mobile | D37: Kiểm tra lưới card trong Category Hub co giãn hợp lý theo kích thước màn hình tablet và mobile. | E37: Mobile: Android 14 (Samsung/Pixel) & iOS 17 - Safari/Chrome Mobile URL: https://fandomverse.example.com/#anime | F37: 1. Thu nhỏ viewport về kích thước tablet (768px), truy cập Category Hub "Anime" 2. Quan sát số cột lưới card 3. Thu nhỏ tiếp về kích thước mobile (375px), quan sát lại | G37: Danh mục: Anime; viewport: 768px và 375px | H37: Lưới card tự động giảm số cột hợp lý theo từng kích thước màn hình, không tràn ngang, card không bị méo/chồng lấp. | J37: Untested | K37: Major
A38: 18 | B38: TC_CAT_18 | C38: Hiệu năng tải Category Hub với bộ dữ liệu JSON lớn | D38: Kiểm tra giao diện không bị treo/giật khi Category Hub tải một lượng lớn bản ghi từ JSON. | E38: Web: Chrome 125+, Firefox 126+, Safari 17+ / Windows 11 & macOS URL: https://fandomverse.example.com/#anime | F38: 1. Chuẩn bị file contents.json test với số lượng bản ghi lớn (VD: 500 bản ghi) cho 1 danh mục (môi trường Staging) 2. Truy cập Category Hub tương ứng 3. Quan sát thời gian tải và độ mượt khi cuộn trang | G38: contents.json với ~500 bản ghi cho 1 danh mục test | H38: Trang tải trong thời gian hợp lý, có trạng thái loading rõ ràng; cuộn trang mượt, không bị đơ/treo giao diện. | J38: Untested | K38: Minor | N38: Kiểm thử hiệu năng với dữ liệu lớn.
A39: 19 | B39: TC_CAT_19 | C39: Trạng thái Filter/Sort được giữ khi quay lại từ trang chi tiết | D39: Kiểm tra khi người dùng áp dụng filter/sort, mở 1 card chi tiết rồi bấm Back, trạng thái filter/sort trên Category Hub được giữ nguyên. | E39: Web: Chrome 125+, Firefox 126+, Safari 17+ / Windows 11 & macOS URL: https://fandomverse.example.com/#anime | F39: 1. Truy cập Category Hub "Gaming", áp dụng Filter "Video" + Sort "Newest" 2. Click vào 1 card bất kỳ để mở trang chi tiết 3. Nhấn nút Back của trình duyệt | G39: Danh mục: Gaming; Filter: Video; Sort: Newest | H39: Sau khi Back, Category Hub hiển thị lại đúng trạng thái Filter "Video" và Sort "Newest" đã áp dụng trước đó, không bị reset về mặc định. | J39: Untested | K39: Minor
A40: 20 | B40: TC_CAT_20 | C40: Khả năng tiếp cận bàn phím cho bộ lọc Category Hub | D40: Kiểm tra người dùng có thể điều hướng và chọn các control filter/sort hoàn toàn bằng bàn phím. | E40: Web: Chrome 125+, Firefox 126+, Safari 17+ / Windows 11 & macOS URL: https://fandomverse.example.com/#anime | F40: 1. Truy cập Category Hub "Manga" 2. Dùng phím Tab di chuyển tới control Filter, dùng Space/Enter để chọn 1 loại nội dung 3. Tiếp tục Tab tới control Sort, chọn 1 tùy chọn bằng bàn phím | G40: Danh mục: Manga | H40: Toàn bộ control filter/sort có thể thao tác đầy đủ bằng bàn phím, có viền focus rõ ràng, kết quả lọc/sắp xếp áp dụng đúng như khi dùng chuột. | J40: Untested | K40: Minor | N40: Kiểm thử khả năng tiếp cận (Accessibility/A11y).
A42: C. TÌM KIẾM TOÀN CỤC (GLOBAL SEARCH) (15 test case)
A43: STT | B43: ID/Mã kiểm thử | C43: Tên kiểm thử | D43: Mô tả kiểm thử | E43: Môi trường kiểm thử | F43: Các bước thực hiện | G43: Dữ liệu để kiểm thử | H43: Kết quả mong đợi | I43: Kết quả thực tế | J43: Đánh giá | K43: Mức độ ưu tiên | L43: Người thực hiện | M43: Ngày thực hiện | N43: Ghi chú
A44: 1 | B44: TC_SEARCH_01 | C44: Thanh tìm kiếm truy cập được từ mọi trang | D44: Kiểm tra thanh tìm kiếm hiển thị cố định trên Header và truy cập được ở mọi trang trong hệ thống. | E44: Web: Chrome 125+, Firefox 126+, Safari 17+ / Windows 11 & macOS URL: https://fandomverse.example.com/#search | F44: 1. Truy cập lần lượt: Trang chủ, 1 Category Hub, trang chi tiết bài viết, trang Merchandise 2. Ở mỗi trang, quan sát vị trí thanh tìm kiếm trên Header | G44: Không có dữ liệu nhập cụ thể | H44: Thanh tìm kiếm luôn hiển thị ở cùng vị trí trên Header ở toàn bộ 4 trang đã kiểm tra. | J44: Untested | K44: Major
A45: 2 | B45: TC_SEARCH_02 | C45: Tìm kiếm với từ khóa hợp lệ trả về đúng kết quả (Happy path) | D45: Kiểm tra nhập từ khóa hợp lệ và tìm kiếm trả về danh sách kết quả liên quan chính xác. | E45: Web: Chrome 125+, Firefox 126+, Safari 17+ / Windows 11 & macOS URL: https://fandomverse.example.com/#search | F45: 1. Click vào thanh tìm kiếm 2. Nhập từ khóa "Naruto" 3. Nhấn Enter hoặc nút Search 4. Quan sát trang kết quả tìm kiếm | G45: Từ khóa: Naruto | H45: Trang kết quả hiển thị đúng các nội dung có liên quan tới từ khóa "Naruto" (bài viết, nhân vật, gallery... nếu có), không lẫn nội dung không liên quan. | J45: Untested | K45: Critical | N45: Happy path - chạy đầu tiên nhóm Tìm kiếm.
A46: 3 | B46: TC_SEARCH_03 | C46: Tìm kiếm không phân biệt hoa/thường | D46: Kiểm tra kết quả tìm kiếm giống nhau dù nhập từ khóa dạng chữ hoa, chữ thường hay hỗn hợp. | E46: Web: Chrome 125+, Firefox 126+, Safari 17+ / Windows 11 & macOS URL: https://fandomverse.example.com/#search | F46: 1. Tìm kiếm với từ khóa "anime" (thường), ghi nhận kết quả 2. Tìm lại với "ANIME" (hoa) 3. Tìm lại với "AnIme" (hỗn hợp) | G46: Từ khóa: anime / ANIME / AnIme | H46: Cả 3 lần tìm kiếm trả về cùng 1 tập kết quả giống hệt nhau, không phân biệt hoa/thường. | J46: Untested | K46: Minor
A47: 4 | B47: TC_SEARCH_04 | C47: Tìm kiếm với từ khóa tiếng Việt có dấu | D47: Kiểm tra tìm kiếm với từ khóa tiếng Việt có dấu trả về đúng kết quả liên quan. | E47: Web: Chrome 125+, Firefox 126+, Safari 17+ / Windows 11 & macOS URL: https://fandomverse.example.com/#search | F47: 1. Nhập từ khóa có dấu tiếng Việt vào ô tìm kiếm 2. Nhấn Enter 3. Quan sát kết quả trả về | G47: Từ khóa: "nhân vật hoạt hình" | H47: Kết quả trả về đúng các nội dung liên quan tới từ khóa tiếng Việt có dấu, không bị lỗi encoding/ký tự lạ. | J47: Untested | K47: Minor
A48: 5 | B48: TC_SEARCH_05 | C48: Lọc kết quả tìm kiếm theo Category | D48: Kiểm tra bộ lọc Category trên trang kết quả tìm kiếm lọc đúng danh sách theo danh mục đã chọn. | E48: Web: Chrome 125+, Firefox 126+, Safari 17+ / Windows 11 & macOS URL: https://fandomverse.example.com/#search | F48: 1. Tìm kiếm với từ khóa chung (VD: "hero") 2. Trên trang kết quả, chọn Filter Category = "Comics" 3. Quan sát danh sách kết quả sau khi lọc | G48: Từ khóa: hero; Category filter: Comics | H48: Danh sách kết quả chỉ còn nội dung thuộc danh mục Comics khớp từ khóa, các danh mục khác không còn hiển thị. | J48: Untested | K48: Major
A49: 6 | B49: TC_SEARCH_06 | C49: Lọc kết quả tìm kiếm theo loại nội dung | D49: Kiểm tra bộ lọc Content Type trên trang kết quả tìm kiếm lọc đúng theo loại nội dung đã chọn. | E49: Web: Chrome 125+, Firefox 126+, Safari 17+ / Windows 11 & macOS URL: https://fandomverse.example.com/#search | F49: 1. Tìm kiếm với từ khóa chung (VD: "world") 2. Chọn Filter Content Type = "Video" 3. Quan sát danh sách kết quả | G49: Từ khóa: world; Content Type filter: Video | H49: Danh sách kết quả chỉ còn nội dung loại Video khớp từ khóa. | J49: Untested | K49: Major
A50: 7 | B50: TC_SEARCH_07 | C50: Kết hợp Filter Category và Content Type trên trang kết quả tìm kiếm | D50: Kiểm tra khi áp dụng đồng thời cả 2 bộ lọc, kết quả hiển thị đúng theo cả 2 điều kiện. | E50: Web: Chrome 125+, Firefox 126+, Safari 17+ / Windows 11 & macOS URL: https://fandomverse.example.com/#search | F50: 1. Tìm kiếm với từ khóa chung 2. Chọn Category = "Gaming" và Content Type = "Character" 3. Quan sát kết quả | G50: Từ khóa: chung; Category: Gaming; Content Type: Character | H50: Kết quả chỉ hiển thị nội dung vừa thuộc danh mục Gaming vừa là loại Character, khớp từ khóa tìm kiếm. | J50: Untested | K50: Minor
A51: 8 | B51: TC_SEARCH_08 | C51: Tìm kiếm không có kết quả khớp (Empty state) | D51: Kiểm tra giao diện hiển thị thông báo hợp lý kèm gợi ý khi từ khóa tìm kiếm không khớp bất kỳ nội dung nào. | E51: Web: Chrome 125+, Firefox 126+, Safari 17+ / Windows 11 & macOS URL: https://fandomverse.example.com/#search | F51: 1. Nhập từ khóa vô nghĩa/không tồn tại vào ô tìm kiếm 2. Nhấn Enter 3. Quan sát trang kết quả | G51: Từ khóa: "xyzkhongtontai12345" | H51: Hiển thị thông báo "Không tìm thấy kết quả phù hợp" kèm gợi ý (VD: kiểm tra chính tả, thử từ khóa khác hoặc gợi ý danh mục phổ biến). | J51: Untested | K51: Minor
A52: 9 | B52: TC_SEARCH_09 | C52: Tìm kiếm khi để trống ô input | D52: Kiểm tra hành vi giao diện khi người dùng nhấn Enter/nút Search với ô tìm kiếm đang trống. | E52: Web: Chrome 125+, Firefox 126+, Safari 17+ / Windows 11 & macOS URL: https://fandomverse.example.com/#search | F52: 1. Click vào ô tìm kiếm, không nhập gì 2. Nhấn Enter hoặc nút Search | G52: Từ khóa: (rỗng) | H52: Giao diện không thực hiện tìm kiếm hoặc hiển thị thông báo yêu cầu nhập từ khóa; không điều hướng sang trang kết quả trống vô nghĩa. | J52: Untested | K52: Minor
A53: 10 | B53: TC_SEARCH_10 | C53: Gợi ý tìm kiếm tức thời khi đang gõ (Autosuggest) | D53: Kiểm tra danh sách gợi ý xuất hiện tức thời khi người dùng đang gõ từ khóa (nếu tính năng có triển khai). | E53: Web: Chrome 125+, Firefox 126+, Safari 17+ / Windows 11 & macOS URL: https://fandomverse.example.com/#search | F53: 1. Click vào ô tìm kiếm 2. Gõ từng ký tự của từ khóa "gam" 3. Quan sát danh sách gợi ý xuất hiện bên dưới ô input | G53: Từ khóa đang gõ: gam | H53: Danh sách gợi ý liên quan xuất hiện gần như tức thời khi gõ, cập nhật theo từng ký tự; click vào 1 gợi ý điều hướng đúng tới kết quả tương ứng. | J53: Untested | K53: Minor | N53: Chỉ áp dụng nếu hệ thống có triển khai autosuggest.
A54: 11 | B54: TC_SEARCH_11 | C54: Hiển thị an toàn khi nhập mã script vào ô tìm kiếm | D54: Kiểm tra giao diện hiển thị lại từ khóa dưới dạng văn bản thuần, không thực thi mã khi người dùng nhập đoạn script vào ô tìm kiếm. | E54: Web: Chrome 125+, Firefox 126+, Safari 17+ / Windows 11 & macOS URL: https://fandomverse.example.com/#search | F54: 1. Nhập đoạn mã script vào ô tìm kiếm 2. Nhấn Enter 3. Quan sát trang kết quả và từ khóa hiển thị lại (nếu có echo từ khóa) | G54: Từ khóa: <script>alert('xss')</script> | H54: Từ khóa được hiển thị dưới dạng văn bản thuần (nếu có echo lại), không xuất hiện popup/alert bất thường, không có hành vi thực thi mã. | J54: Untested | K54: Critical | N54: Kiểm thử giao diện hiển thị an toàn dữ liệu đầu vào (client-side rendering).
A55: 12 | B55: TC_SEARCH_12 | C55: Giới hạn độ dài từ khóa tìm kiếm | D55: Kiểm tra giao diện xử lý hợp lý khi nhập từ khóa tìm kiếm rất dài. | E55: Web: Chrome 125+, Firefox 126+, Safari 17+ / Windows 11 & macOS URL: https://fandomverse.example.com/#search | F55: 1. Nhập chuỗi ký tự dài khoảng 500 ký tự vào ô tìm kiếm 2. Nhấn Enter | G55: Từ khóa: chuỗi 500 ký tự lặp lại | H55: Giao diện xử lý hợp lý (chặn nhập quá giới hạn maxlength, hoặc tìm kiếm và trả về Empty state), không bị treo/crash trình duyệt. | J55: Untested | K55: Minor
A56: 13 | B56: TC_SEARCH_13 | C56: Tìm kiếm với ký tự đặc biệt không làm crash giao diện | D56: Kiểm tra giao diện xử lý ổn định khi từ khóa chứa nhiều ký tự đặc biệt liên tiếp. | E56: Web: Chrome 125+, Firefox 126+, Safari 17+ / Windows 11 & macOS URL: https://fandomverse.example.com/#search | F56: 1. Nhập chuỗi ký tự đặc biệt vào ô tìm kiếm 2. Nhấn Enter | G56: Từ khóa: !@#$%^&*()_+={}[] | H56: Giao diện không bị crash/treo, trả về Empty state hoặc thông báo hợp lý, không phát sinh lỗi console nghiêm trọng. | J56: Untested | K56: Minor
A57: 14 | B57: TC_SEARCH_14 | C57: Click kết quả tìm kiếm điều hướng đúng tới trang chi tiết | D57: Kiểm tra khi click vào 1 kết quả tìm kiếm, hệ thống điều hướng đúng tới trang chi tiết tương ứng. | E57: Web: Chrome 125+, Firefox 126+, Safari 17+ / Windows 11 & macOS URL: https://fandomverse.example.com/#search | F57: 1. Tìm kiếm với từ khóa hợp lệ có kết quả 2. Click vào 1 kết quả bất kỳ trong danh sách 3. Quan sát trang được điều hướng tới | G57: Từ khóa: bất kỳ có kết quả (VD: Naruto) | H57: Điều hướng đúng tới trang chi tiết của kết quả đã chọn, nội dung khớp với kết quả hiển thị trên trang tìm kiếm. | J57: Untested | K57: Major
A58: 15 | B58: TC_SEARCH_15 | C58: Tìm kiếm hoạt động đúng và responsive trên thiết bị di động | D58: Kiểm tra chức năng tìm kiếm và trang kết quả hiển thị đúng trên thiết bị di động. | E58: Mobile: Android 14 (Samsung/Pixel) & iOS 17 - Safari/Chrome Mobile URL: https://fandomverse.example.com/#search | F58: 1. Mở trình duyệt mobile, truy cập trang chủ 2. Mở thanh tìm kiếm (qua icon nếu thu gọn trên mobile) 3. Nhập từ khóa và tìm kiếm 4. Quan sát trang kết quả trên màn hình nhỏ | G58: Từ khóa: manga | H58: Ô tìm kiếm dễ thao tác trên mobile, trang kết quả hiển thị dạng danh sách/lưới phù hợp màn hình nhỏ, không tràn ngang. | J58: Untested | K58: Major
A60: D. THƯ VIỆN ẢNH (IMAGE GALLERY / LIGHTBOX) (10 test case)
A61: STT | B61: ID/Mã kiểm thử | C61: Tên kiểm thử | D61: Mô tả kiểm thử | E61: Môi trường kiểm thử | F61: Các bước thực hiện | G61: Dữ liệu để kiểm thử | H61: Kết quả mong đợi | I61: Kết quả thực tế | J61: Đánh giá | K61: Mức độ ưu tiên | L61: Người thực hiện | M61: Ngày thực hiện | N61: Ghi chú
A62: 1 | B62: TC_GAL_01 | C62: Thư viện ảnh hiển thị đúng dạng lưới thumbnail | D62: Kiểm tra khu vực thư viện ảnh trong Category Hub hiển thị đúng dạng lưới (grid) các ảnh thumbnail. | E62: Web: Chrome 125+, Firefox 126+, Safari 17+ / Windows 11 & macOS URL: https://fandomverse.example.com/#anime/gallery | F62: 1. Truy cập 1 Category Hub có nội dung Gallery (VD: Anime) 2. Mở khu vực/tab Gallery 3. Quan sát bố cục lưới ảnh | G62: Danh mục: Anime, loại nội dung: Gallery | H62: Ảnh hiển thị dạng lưới đều, kích thước thumbnail đồng nhất, không bị méo tỷ lệ. | J62: Untested | K62: Major
A63: 2 | B63: TC_GAL_02 | C63: Click ảnh thumbnail mở đúng Lightbox phóng to | D63: Kiểm tra click vào 1 ảnh thumbnail mở đúng chế độ xem Lightbox với ảnh phóng to. | E63: Web: Chrome 125+, Firefox 126+, Safari 17+ / Windows 11 & macOS URL: https://fandomverse.example.com/#anime/gallery | F63: 1. Mở khu vực Gallery của 1 Category Hub 2. Click vào 1 ảnh thumbnail bất kỳ 3. Quan sát Lightbox mở ra | G63: 1 ảnh thumbnail bất kỳ trong Gallery | H63: Lightbox mở ra hiển thị đúng ảnh đã click ở kích thước lớn hơn, nền phía sau được làm mờ/tối (overlay). | J63: Untested | K63: Major
A64: 3 | B64: TC_GAL_03 | C64: Điều hướng ảnh kế tiếp/trước đó trong Lightbox bằng nút mũi tên | D64: Kiểm tra nút điều hướng Next/Prev trong Lightbox chuyển đúng sang ảnh kế tiếp/trước đó. | E64: Web: Chrome 125+, Firefox 126+, Safari 17+ / Windows 11 & macOS URL: https://fandomverse.example.com/#anime/gallery | F64: 1. Mở Lightbox từ 1 ảnh bất kỳ 2. Click nút Next 2 lần, ghi nhận ảnh hiển thị 3. Click nút Prev 1 lần, ghi nhận ảnh hiển thị | G64: Không có dữ liệu nhập cụ thể | H64: Ảnh chuyển đúng thứ tự trong bộ sưu tập theo từng lần click Next/Prev, không lặp/nhảy ảnh sai vị trí. | J64: Untested | K64: Minor
A65: 4 | B65: TC_GAL_04 | C65: Điều hướng ảnh trong Lightbox bằng phím mũi tên bàn phím | D65: Kiểm tra khả năng dùng phím mũi tên trái/phải trên bàn phím để chuyển ảnh trong Lightbox. | E65: Web: Chrome 125+, Firefox 126+, Safari 17+ / Windows 11 & macOS URL: https://fandomverse.example.com/#anime/gallery | F65: 1. Mở Lightbox từ 1 ảnh bất kỳ 2. Nhấn phím mũi tên phải 2 lần 3. Nhấn phím mũi tên trái 1 lần | G65: Không có dữ liệu nhập cụ thể | H65: Ảnh chuyển đúng theo phím mũi tên, hành vi giống hệt khi dùng nút Next/Prev bằng chuột. | J65: Untested | K65: Minor | N65: Kiểm thử khả năng tiếp cận (Accessibility/A11y).
A66: 5 | B66: TC_GAL_05 | C66: Đóng Lightbox bằng nút Close và phím Esc | D66: Kiểm tra Lightbox đóng đúng khi nhấn nút Close (X) hoặc phím Esc. | E66: Web: Chrome 125+, Firefox 126+, Safari 17+ / Windows 11 & macOS URL: https://fandomverse.example.com/#anime/gallery | F66: 1. Mở Lightbox từ 1 ảnh bất kỳ 2. Click nút Close (X) 3. Mở lại Lightbox, sau đó nhấn phím Esc | G66: Không có dữ liệu nhập cụ thể | H66: Cả 2 cách đều đóng Lightbox thành công, quay lại đúng vị trí thư viện ảnh đang xem, không còn overlay tối màn hình. | J66: Untested | K66: Minor
A67: 6 | B67: TC_GAL_06 | C67: Carousel tự động chuyển ảnh và tạm dừng khi hover | D67: Kiểm tra chế độ carousel ảnh tự động chuyển theo thời gian và tạm dừng khi người dùng di chuột vào (nếu tính năng có triển khai). | E67: Web: Chrome 125+, Firefox 126+, Safari 17+ / Windows 11 & macOS URL: https://fandomverse.example.com/#anime/gallery | F67: 1. Mở khu vực Gallery dạng carousel (nếu có) 2. Quan sát ảnh tự động chuyển theo thời gian 3. Di chuột vào carousel và giữ nguyên, quan sát carousel có dừng lại không | G67: Không có dữ liệu nhập cụ thể | H67: Carousel tự động chuyển ảnh theo chu kỳ khi không tương tác; tạm dừng chuyển khi con trỏ đang hover trên carousel. | J67: Untested | K67: Minor | N67: Chỉ áp dụng nếu Gallery có chế độ carousel tự động.
A68: 7 | B68: TC_GAL_07 | C68: Zoom ảnh trong Lightbox | D68: Kiểm tra khả năng phóng to (zoom) ảnh trong Lightbox bằng thao tác chuột (desktop) hoặc chụm ngón tay (mobile). | E68: Web: Chrome 125+, Firefox 126+, Safari 17+ / Windows 11 & macOS URL: https://fandomverse.example.com/#anime/gallery | F68: 1. Mở Lightbox 1 ảnh trên desktop, dùng scroll chuột để zoom (nếu hỗ trợ) 2. Trên mobile, mở Lightbox và thực hiện thao tác chụm/mở 2 ngón tay (pinch-to-zoom) | G68: Không có dữ liệu nhập cụ thể | H68: Ảnh phóng to/thu nhỏ mượt theo thao tác, không bị vỡ nét quá mức chấp nhận, có thể thu nhỏ lại về kích thước gốc. | J68: Untested | K68: Minor
A69: 8 | B69: TC_GAL_08 | C69: Lightbox hiển thị đúng chú thích/caption của ảnh | D69: Kiểm tra chú thích (caption) của từng ảnh hiển thị đúng trong Lightbox nếu dữ liệu JSON có trường caption. | E69: Web: Chrome 125+, Firefox 126+, Safari 17+ / Windows 11 & macOS URL: https://fandomverse.example.com/#anime/gallery | F69: 1. Mở Lightbox 1 ảnh có trường caption trong dữ liệu 2. Quan sát vùng hiển thị caption bên dưới/cạnh ảnh | G69: Ảnh có trường caption trong contents.json | H69: Caption hiển thị đúng nội dung văn bản đã khai báo trong dữ liệu, không bị cắt chữ bất thường. | J69: Untested | K69: Minor
A70: 9 | B70: TC_GAL_09 | C70: Xử lý khi ảnh trong JSON bị lỗi đường dẫn (broken image) | D70: Kiểm tra giao diện hiển thị ảnh placeholder hợp lý khi đường dẫn ảnh trong dữ liệu JSON không hợp lệ/không tồn tại. | E70: Web: Chrome 125+, Firefox 126+, Safari 17+ / Windows 11 & macOS URL: https://fandomverse.example.com/#anime/gallery | F70: 1. Chuẩn bị 1 bản ghi Gallery test với đường dẫn ảnh sai (môi trường Staging) 2. Truy cập Gallery chứa bản ghi đó 3. Quan sát thumbnail và khi mở Lightbox | G70: 1 bản ghi ảnh với đường dẫn không hợp lệ | H70: Hiển thị ảnh placeholder mặc định thay cho ảnh lỗi ở cả dạng thumbnail và trong Lightbox, không hiển thị icon ảnh vỡ (broken image icon) của trình duyệt, không vỡ layout. | J70: Untested | K70: Minor
A71: 10 | B71: TC_GAL_10 | C71: Thư viện ảnh và Lightbox hoạt động mượt trên thiết bị di động | D71: Kiểm tra thao tác vuốt (swipe) để chuyển ảnh trong Lightbox trên thiết bị di động hoạt động đúng. | E71: Mobile: Android 14 (Samsung/Pixel) & iOS 17 - Safari/Chrome Mobile URL: https://fandomverse.example.com/#anime/gallery | F71: 1. Mở trình duyệt mobile, truy cập Gallery của 1 Category Hub 2. Chạm vào 1 ảnh để mở Lightbox 3. Vuốt sang trái/phải để chuyển ảnh | G71: Không có dữ liệu nhập cụ thể | H71: Lightbox mở đúng kích thước màn hình mobile; thao tác vuốt chuyển ảnh mượt, đúng hướng (vuốt trái sang ảnh sau, vuốt phải về ảnh trước). | J71: Untested | K71: Major
A73: E. VIDEO & AUDIO (12 test case)
A74: STT | B74: ID/Mã kiểm thử | C74: Tên kiểm thử | D74: Mô tả kiểm thử | E74: Môi trường kiểm thử | F74: Các bước thực hiện | G74: Dữ liệu để kiểm thử | H74: Kết quả mong đợi | I74: Kết quả thực tế | J74: Đánh giá | K74: Mức độ ưu tiên | L74: Người thực hiện | M74: Ngày thực hiện | N74: Ghi chú
A75: 1 | B75: TC_MEDIA_01 | C75: Video trailer nhúng phát đúng khi nhấn Play | D75: Kiểm tra video trailer nhúng từ YouTube phát đúng nội dung khi người dùng nhấn nút Play. | E75: Web: Chrome 125+, Firefox 126+, Safari 17+ / Windows 11 & macOS URL: https://fandomverse.example.com/#movies/media | F75: 1. Truy cập trang có video trailer nhúng 2. Nhấn nút Play trên khung video 3. Quan sát video bắt đầu phát | G75: 1 video trailer nhúng bất kỳ | H75: Video bắt đầu phát đúng nội dung trong vòng vài giây, có âm thanh (nếu không tắt tiếng mặc định do người dùng chủ động bật). | J75: Untested | K75: Major
A76: 2 | B76: TC_MEDIA_02 | C76: Điều khiển video cơ bản hoạt động đúng | D76: Kiểm tra các nút điều khiển cơ bản của video player: Play/Pause, Volume, Fullscreen, Progress bar. | E76: Web: Chrome 125+, Firefox 126+, Safari 17+ / Windows 11 & macOS URL: https://fandomverse.example.com/#movies/media | F76: 1. Phát 1 video bất kỳ 2. Nhấn Pause rồi Play lại 3. Điều chỉnh thanh âm lượng 4. Nhấn nút Fullscreen 5. Kéo thanh tiến trình (progress bar) tới 1 mốc thời gian khác | G76: 1 video trailer bất kỳ | H76: Tất cả các điều khiển hoạt động đúng chức năng: Pause dừng video, Play tiếp tục, âm lượng thay đổi tương ứng, Fullscreen phóng to toàn màn hình, tua đúng tới mốc thời gian đã kéo. | J76: Untested | K76: Minor
A77: 3 | B77: TC_MEDIA_03 | C77: Chỉ 1 video phát cùng lúc khi có nhiều video trên trang | D77: Kiểm tra khi phát video A trong khi video B đang phát, video B phải tự động dừng lại. | E77: Web: Chrome 125+, Firefox 126+, Safari 17+ / Windows 11 & macOS URL: https://fandomverse.example.com/#movies/media | F77: 1. Truy cập trang có từ 2 video nhúng trở lên 2. Nhấn Play video thứ nhất (A), để phát vài giây 3. Nhấn Play video thứ hai (B) 4. Quan sát trạng thái video A | G77: Trang có 2 video nhúng trở lên | H77: Ngay khi video B bắt đầu phát, video A tự động tạm dừng (pause), chỉ có 1 video phát âm thanh tại 1 thời điểm. | J77: Untested | K77: Major
A78: 4 | B78: TC_MEDIA_04 | C78: Audio clip phát đúng với thanh điều khiển audio player | D78: Kiểm tra audio clip (phỏng vấn/podcast) phát đúng và điều khiển được qua audio player. | E78: Web: Chrome 125+, Firefox 126+, Safari 17+ / Windows 11 & macOS URL: https://fandomverse.example.com/#movies/media | F78: 1. Truy cập trang/khu vực có audio clip 2. Nhấn Play trên audio player 3. Kiểm tra Pause, tua tiến/lùi bằng progress bar | G78: 1 audio clip bất kỳ | H78: Audio phát đúng nội dung, các điều khiển Play/Pause/tua hoạt động chính xác, hiển thị đúng thời lượng đã phát/tổng thời lượng. | J78: Untested | K78: Minor
A79: 5 | B79: TC_MEDIA_05 | C79: Xử lý khi link video/audio trong JSON bị hỏng | D79: Kiểm tra giao diện thông báo lỗi rõ ràng, không crash khi đường link media trong dữ liệu JSON không hợp lệ. | E79: Web: Chrome 125+, Firefox 126+, Safari 17+ / Windows 11 & macOS URL: https://fandomverse.example.com/#movies/media | F79: 1. Chuẩn bị 1 bản ghi test với link video/audio không hợp lệ (môi trường Staging) 2. Truy cập trang chứa bản ghi đó 3. Nhấn Play (nếu khung player vẫn hiển thị) | G79: 1 bản ghi media với link không hợp lệ | H79: Hiển thị thông báo lỗi hợp lý (VD: "Không thể phát nội dung này") thay vì khung player trống hoặc lỗi console nghiêm trọng, layout không bị vỡ. | J79: Untested | K79: Major
A80: 6 | B80: TC_MEDIA_06 | C80: Video/audio tự dừng khi điều hướng rời khỏi trang | D80: Kiểm tra video/audio đang phát tự động dừng khi người dùng điều hướng sang trang khác, tránh phát ngầm. | E80: Web: Chrome 125+, Firefox 126+, Safari 17+ / Windows 11 & macOS URL: https://fandomverse.example.com/#movies/media | F80: 1. Phát 1 video trên trang chi tiết 2. Trong lúc đang phát, click điều hướng sang 1 trang khác (VD: về trang chủ) 3. Lắng nghe có còn âm thanh phát không | G80: 1 video đang phát | H80: Âm thanh/video dừng lại hoàn toàn ngay khi rời khỏi trang, không có hiện tượng phát ngầm ở trang mới. | J80: Untested | K80: Minor
A81: 7 | B81: TC_MEDIA_07 | C81: Bật/tắt phụ đề video hoạt động đúng | D81: Kiểm tra tùy chọn bật/tắt phụ đề (caption) của video hoạt động đúng nếu video có hỗ trợ. | E81: Web: Chrome 125+, Firefox 126+, Safari 17+ / Windows 11 & macOS URL: https://fandomverse.example.com/#movies/media | F81: 1. Phát 1 video có hỗ trợ phụ đề 2. Bật phụ đề qua icon CC trên player 3. Tắt phụ đề lại | G81: 1 video có phụ đề | H81: Phụ đề hiển thị đúng khi bật, biến mất khi tắt, đồng bộ đúng với nội dung audio. | J81: Untested | K81: Minor | N81: Chỉ áp dụng với video có hỗ trợ phụ đề.
A82: 8 | B82: TC_MEDIA_08 | C82: Chất lượng phát lại video khi mạng chậm | D82: Kiểm tra video hiển thị trạng thái buffering hợp lý khi mạng bị giả lập chậm, không bị treo giao diện. | E82: Web: Chrome 125+, Firefox 126+, Safari 17+ / Windows 11 & macOS URL: https://fandomverse.example.com/#movies/media | F82: 1. Bật DevTools > Network > Throttling "Slow 3G" 2. Phát 1 video bất kỳ 3. Quan sát trạng thái buffering | G82: Điều kiện mạng: Slow 3G | H82: Hiển thị biểu tượng buffering/loading rõ ràng trong lúc chờ tải dữ liệu video, giao diện tổng thể không bị treo/đơ. | J82: Untested | K82: Minor
A83: 9 | B83: TC_MEDIA_09 | C83: Khung video responsive đúng tỷ lệ khung hình | D83: Kiểm tra khung nhúng video giữ đúng tỷ lệ khung hình 16:9 trên các kích thước màn hình khác nhau. | E83: Web: Chrome 125+, Firefox 126+, Safari 17+ / Windows 11 & macOS URL: https://fandomverse.example.com/#movies/media | F83: 1. Truy cập trang có video ở desktop (1920px) 2. Thu nhỏ dần viewport xuống tablet (768px) rồi mobile (375px) 3. Quan sát tỷ lệ khung video ở mỗi kích thước | G83: Viewport: 1920px, 768px, 375px | H83: Khung video luôn giữ đúng tỷ lệ 16:9 ở mọi kích thước màn hình, không bị méo hoặc cắt xén nội dung. | J83: Untested | K83: Minor
A84: 10 | B84: TC_MEDIA_10 | C84: Video/audio hoạt động đúng trên thiết bị di động kể cả fullscreen xoay ngang | D84: Kiểm tra video phát đúng trên thiết bị di động và chuyển sang chế độ toàn màn hình hợp lý khi xoay ngang máy. | E84: Mobile: Android 14 (Samsung/Pixel) & iOS 17 - Safari/Chrome Mobile URL: https://fandomverse.example.com/#movies/media | F84: 1. Mở trình duyệt mobile, phát 1 video 2. Nhấn Fullscreen 3. Xoay thiết bị sang chế độ ngang | G84: 1 video bất kỳ, thiết bị mobile | H84: Video vào chế độ toàn màn hình đúng, tự động xoay theo hướng màn hình ngang, điều khiển video vẫn thao tác được bình thường. | J84: Untested | K84: Major
A85: 11 | B85: TC_MEDIA_11 | C85: Điều khiển video có thể thao tác hoàn toàn bằng bàn phím | D85: Kiểm tra người dùng có thể Play/Pause và tua video chỉ bằng bàn phím (Accessibility). | E85: Web: Chrome 125+, Firefox 126+, Safari 17+ / Windows 11 & macOS URL: https://fandomverse.example.com/#movies/media | F85: 1. Focus vào khung video bằng phím Tab 2. Nhấn phím Space để Play/Pause 3. Dùng phím mũi tên trái/phải để tua lùi/tiến | G85: 1 video bất kỳ | H85: Space bật/tắt phát video đúng; phím mũi tên tua video theo bước thời gian hợp lý; có viền focus rõ ràng quanh player khi đang focus. | J85: Untested | K85: Minor | N85: Kiểm thử khả năng tiếp cận (Accessibility/A11y).
A86: 12 | B86: TC_MEDIA_12 | C86: Video không tự động phát có âm thanh khi tải trang | D86: Kiểm tra video không autoplay có âm thanh ngay khi tải trang, tuân thủ chính sách trình duyệt và trải nghiệm người dùng. | E86: Web: Chrome 125+, Firefox 126+, Safari 17+ / Windows 11 & macOS URL: https://fandomverse.example.com/#movies/media | F86: 1. Truy cập trang có video nhúng 2. Không thao tác gì, quan sát và lắng nghe trong 5 giây đầu | G86: 1 trang có video nhúng | H86: Video không tự động phát có âm thanh khi trang vừa tải xong; nếu có autoplay, video phải ở trạng thái muted mặc định. | J86: Untested | K86: Minor
A88: F. BÀI VIẾT NỔI BẬT (FEATURED ARTICLES) (10 test case)
A89: STT | B89: ID/Mã kiểm thử | C89: Tên kiểm thử | D89: Mô tả kiểm thử | E89: Môi trường kiểm thử | F89: Các bước thực hiện | G89: Dữ liệu để kiểm thử | H89: Kết quả mong đợi | I89: Kết quả thực tế | J89: Đánh giá | K89: Mức độ ưu tiên | L89: Người thực hiện | M89: Ngày thực hiện | N89: Ghi chú
A90: 1 | B90: TC_ART_01 | C90: Danh sách bài viết hiển thị đúng title, ảnh, mô tả ngắn | D90: Kiểm tra danh sách bài viết trong Category Hub hiển thị đúng các trường tóm tắt: title, ảnh đại diện, mô tả ngắn. | E90: Web: Chrome 125+, Firefox 126+, Safari 17+ / Windows 11 & macOS URL: https://fandomverse.example.com/#tvshows/articles | F90: 1. Truy cập Category Hub "TV Shows" 2. Lọc loại nội dung "Article" 3. Quan sát các card bài viết hiển thị | G90: Danh mục: TV Shows; loại: Article | H90: Mỗi card bài viết hiển thị đủ title, ảnh đại diện, đoạn mô tả ngắn không bị cắt chữ bất thường. | J90: Untested | K90: Major
A91: 2 | B91: TC_ART_02 | C91: Click bài viết mở đúng trang chi tiết đầy đủ nội dung | D91: Kiểm tra click vào 1 bài viết mở đúng trang chi tiết (detail view) với đầy đủ nội dung bài viết. | E91: Web: Chrome 125+, Firefox 126+, Safari 17+ / Windows 11 & macOS URL: https://fandomverse.example.com/#tvshows/articles | F91: 1. Từ danh sách bài viết, click vào 1 bài viết bất kỳ 2. Quan sát trang chi tiết được mở | G91: 1 bài viết bất kỳ | H91: Trang chi tiết hiển thị đầy đủ tiêu đề, ảnh, nội dung đầy đủ của bài viết đã chọn, không thiếu đoạn nào so với dữ liệu nguồn. | J91: Untested | K91: Major
A92: 3 | B92: TC_ART_03 | C92: Định dạng nội dung dài hiển thị đúng | D92: Kiểm tra bài viết có nội dung dài với heading, đoạn văn, hình ảnh chèn giữa bài hiển thị đúng định dạng. | E92: Web: Chrome 125+, Firefox 126+, Safari 17+ / Windows 11 & macOS URL: https://fandomverse.example.com/#tvshows/articles | F92: 1. Mở 1 bài viết có nội dung dài, nhiều heading và hình ảnh chèn giữa 2. Cuộn đọc toàn bộ bài viết | G92: 1 bài viết dài có heading và ảnh chèn giữa | H92: Heading hiển thị đúng cấp độ (font/size phân biệt với đoạn văn thường), hình ảnh chèn giữa hiển thị đúng vị trí, không bị vỡ layout hay tràn khung. | J92: Untested | K92: Minor
A93: 4 | B93: TC_ART_04 | C93: Phần Nội dung liên quan hiển thị đúng gợi ý | D93: Kiểm tra khu vực "Nội dung liên quan" (related content) ở cuối trang chi tiết bài viết hiển thị đúng các gợi ý liên quan tới danh mục/tag bài viết. | E93: Web: Chrome 125+, Firefox 126+, Safari 17+ / Windows 11 & macOS URL: https://fandomverse.example.com/#tvshows/articles | F93: 1. Mở 1 bài viết bất kỳ 2. Cuộn xuống cuối trang, quan sát khu vực Nội dung liên quan | G93: 1 bài viết bất kỳ có tag/danh mục xác định | H93: Danh sách gợi ý hiển thị các nội dung cùng danh mục hoặc cùng tag với bài viết đang xem, không hiển thị nội dung không liên quan. | J93: Untested | K93: Minor
A94: 5 | B94: TC_ART_05 | C94: Click gợi ý liên quan điều hướng đúng bài viết tương ứng | D94: Kiểm tra click vào 1 gợi ý trong khu vực Nội dung liên quan điều hướng đúng tới bài viết/nội dung tương ứng. | E94: Web: Chrome 125+, Firefox 126+, Safari 17+ / Windows 11 & macOS URL: https://fandomverse.example.com/#tvshows/articles | F94: 1. Ở trang chi tiết bài viết, click vào 1 gợi ý bất kỳ trong khu vực Nội dung liên quan 2. Quan sát trang được điều hướng tới | G94: 1 gợi ý bất kỳ trong khu vực liên quan | H94: Điều hướng đúng tới trang chi tiết của nội dung đã chọn trong gợi ý. | J94: Untested | K94: Minor
A95: 6 | B95: TC_ART_06 | C95: Breadcrumb tại trang chi tiết bài viết hiển thị đúng | D95: Kiểm tra breadcrumb tại trang chi tiết bài viết hiển thị đúng đường dẫn từ Trang chủ tới bài viết hiện tại. | E95: Web: Chrome 125+, Firefox 126+, Safari 17+ / Windows 11 & macOS URL: https://fandomverse.example.com/#tvshows/articles | F95: 1. Mở 1 bài viết bất kỳ thuộc danh mục "Manga" 2. Quan sát breadcrumb ở đầu trang | G95: 1 bài viết thuộc danh mục Manga | H95: Breadcrumb hiển thị dạng "Trang chủ > Manga > [Tên bài viết]", các mắt xích trước hoạt động điều hướng đúng. | J95: Untested | K95: Minor
A96: 7 | B96: TC_ART_07 | C96: Truy cập URL bài viết không tồn tại hiển thị trang lỗi hợp lý | D96: Kiểm tra hành vi giao diện khi người dùng truy cập trực tiếp URL bài viết với ID không tồn tại trong dữ liệu. | E96: Web: Chrome 125+, Firefox 126+, Safari 17+ / Windows 11 & macOS URL: https://fandomverse.example.com/#tvshows/articles | F96: 1. Nhập trực tiếp URL bài viết với ID không có thật vào thanh địa chỉ 2. Quan sát trang hiển thị | G96: URL: /#article/id-khong-ton-tai-999 | H96: Hiển thị trang "Không tìm thấy nội dung" (404-style) thân thiện kèm link quay về trang chủ/danh mục, không hiển thị lỗi kỹ thuật hoặc trang trắng. | J96: Untested | K96: Major
A97: 8 | B97: TC_ART_08 | C97: Thời gian đọc/ngày đăng hiển thị đúng định dạng | D97: Kiểm tra thời gian đọc ước tính và/hoặc ngày đăng bài viết (nếu có trong dữ liệu) hiển thị đúng định dạng. | E97: Web: Chrome 125+, Firefox 126+, Safari 17+ / Windows 11 & macOS URL: https://fandomverse.example.com/#tvshows/articles | F97: 1. Mở 1 bài viết có trường ngày đăng trong dữ liệu 2. Quan sát định dạng ngày hiển thị trên trang chi tiết | G97: 1 bài viết có trường publishDate | H97: Ngày đăng hiển thị đúng định dạng nhất quán (dd/mm/yyyy) trên toàn bộ các bài viết đã kiểm tra. | J97: Untested | K97: Minor
A98: 9 | B98: TC_ART_09 | C98: Nội dung bài viết hiển thị an toàn với ký tự HTML/script trong dữ liệu | D98: Kiểm tra nội dung bài viết chứa ký tự HTML/script trong JSON được escape đúng, không bị thực thi. | E98: Web: Chrome 125+, Firefox 126+, Safari 17+ / Windows 11 & macOS URL: https://fandomverse.example.com/#tvshows/articles | F98: 1. Chuẩn bị 1 bản ghi bài viết test có chứa đoạn mã script trong nội dung (môi trường Staging) 2. Mở trang chi tiết bài viết đó 3. Quan sát có popup/alert bất thường không | G98: 1 bài viết test với nội dung: <script>alert('test')</script> | H98: Đoạn mã hiển thị dưới dạng văn bản thuần trên trang, không có popup/alert bất thường xuất hiện. | J98: Untested | K98: Critical | N98: Kiểm thử giao diện hiển thị an toàn dữ liệu đầu vào (client-side rendering).
A99: 10 | B99: TC_ART_10 | C99: Trang chi tiết bài viết responsive đúng trên mobile | D99: Kiểm tra trang chi tiết bài viết hiển thị đúng, hình ảnh không tràn khung khi xem trên thiết bị di động. | E99: Mobile: Android 14 (Samsung/Pixel) & iOS 17 - Safari/Chrome Mobile URL: https://fandomverse.example.com/#tvshows/articles | F99: 1. Mở trình duyệt mobile, truy cập 1 bài viết bất kỳ 2. Cuộn đọc toàn bộ nội dung bài viết | G99: 1 bài viết bất kỳ, viewport 375px | H99: Văn bản và hình ảnh hiển thị vừa khung màn hình, không tràn ngang, cỡ chữ dễ đọc, không cần zoom thủ công. | J99: Untested | K99: Major
A101: G. HỒ SƠ NHÂN VẬT (CHARACTER PROFILES) (14 test case)
A102: STT | B102: ID/Mã kiểm thử | C102: Tên kiểm thử | D102: Mô tả kiểm thử | E102: Môi trường kiểm thử | F102: Các bước thực hiện | G102: Dữ liệu để kiểm thử | H102: Kết quả mong đợi | I102: Kết quả thực tế | J102: Đánh giá | K102: Mức độ ưu tiên | L102: Người thực hiện | M102: Ngày thực hiện | N102: Ghi chú
A103: 1 | B103: TC_CHAR_01 | C103: Danh sách hồ sơ nhân vật hiển thị tối thiểu 5 nhân vật theo yêu cầu SRS | D103: Kiểm tra Category Hub hiển thị tối thiểu 5 hồ sơ nhân vật cho danh mục đang xem, đúng yêu cầu SRS mục 1.6.7. | E103: Web: Chrome 125+, Firefox 126+, Safari 17+ / Windows 11 & macOS URL: https://fandomverse.example.com/#anime/characters | F103: 1. Truy cập Category Hub "Anime" 2. Chọn tab/filter "Character" 3. Đếm số lượng hồ sơ nhân vật hiển thị | G103: Danh mục: Anime | H103: Danh sách hiển thị tối thiểu 5 hồ sơ nhân vật khác nhau, không có hồ sơ trùng lặp. | J103: Untested | K103: Major
A104: 2 | B104: TC_CHAR_02 | C104: Card nhân vật hiển thị đủ các trường bắt buộc | D104: Kiểm tra mỗi card hồ sơ nhân vật hiển thị đủ: Tên, Ảnh, Franchise/Series, tóm tắt Tiểu sử, Đặc điểm (Traits). | E104: Web: Chrome 125+, Firefox 126+, Safari 17+ / Windows 11 & macOS URL: https://fandomverse.example.com/#anime/characters | F104: 1. Truy cập danh sách nhân vật của 1 danh mục bất kỳ 2. Chọn 3 card ngẫu nhiên, kiểm tra từng trường | G104: 3 card nhân vật ngẫu nhiên | H104: Mỗi card hiển thị đủ 5 trường: Tên, Ảnh, Franchise/Series, tóm tắt Tiểu sử, Traits; không thiếu trường nào. | J104: Untested | K104: Major
A105: 3 | B105: TC_CHAR_03 | C105: Click nhân vật mở đúng trang/modal chi tiết đầy đủ thông tin | D105: Kiểm tra click vào 1 nhân vật mở đúng trang hoặc modal chi tiết với đầy đủ thông tin hồ sơ. | E105: Web: Chrome 125+, Firefox 126+, Safari 17+ / Windows 11 & macOS URL: https://fandomverse.example.com/#anime/characters | F105: 1. Click vào 1 card nhân vật bất kỳ 2. Quan sát trang/modal chi tiết được mở | G105: 1 nhân vật bất kỳ | H105: Trang/modal chi tiết hiển thị đầy đủ thông tin: Tên, Ảnh lớn hơn, Franchise/Series, Tiểu sử đầy đủ (không rút gọn), danh sách Traits. | J105: Untested | K105: Major
A106: 4 | B106: TC_CHAR_04 | C106: Bộ lọc hồ sơ nhân vật theo Category | D106: Kiểm tra bộ lọc theo danh mục lọc đúng danh sách nhân vật hiển thị. | E106: Web: Chrome 125+, Firefox 126+, Safari 17+ / Windows 11 & macOS URL: https://fandomverse.example.com/#anime/characters | F106: 1. Truy cập trang tổng hợp nhân vật (nếu có) hoặc từng Category Hub 2. Chọn Category = "Gaming" 3. Quan sát danh sách nhân vật | G106: Category filter: Gaming | H106: Danh sách chỉ hiển thị nhân vật thuộc danh mục Gaming. | J106: Untested | K106: Minor
A107: 5 | B107: TC_CHAR_05 | C107: Bộ lọc hồ sơ nhân vật theo Franchise/Series | D107: Kiểm tra bộ lọc theo Franchise/Series cụ thể lọc đúng danh sách nhân vật liên quan. | E107: Web: Chrome 125+, Firefox 126+, Safari 17+ / Windows 11 & macOS URL: https://fandomverse.example.com/#anime/characters | F107: 1. Truy cập danh sách nhân vật của 1 danh mục 2. Chọn Filter Franchise = 1 series cụ thể 3. Quan sát kết quả | G107: Franchise filter: 1 series cụ thể (VD: "One Piece") | H107: Danh sách chỉ hiển thị đúng nhân vật thuộc franchise/series đã chọn. | J107: Untested | K107: Minor
...

Sheet Tổng hợp
A1: TỔNG HỢP KẾT QUẢ KIỂM THỬ GIAO DIỆN - FANDOMVERSE
A3: Chỉ số | B3: Số lượng
A4: Tổng số Test Case | B4: =COUNTA('Test Cases'!B4:B245)-14 -> 200
A5: Số lượng Pass | B5: =COUNTIF('Test Cases'!J4:J245,"Pass") -> 0
A6: Số lượng Fail | B6: =COUNTIF('Test Cases'!J4:J245,"Fail") -> 0
A7: Số lượng Blocked | B7: =COUNTIF('Test Cases'!J4:J245,"Blocked") -> 0
A8: Số lượng Untested | B8: =COUNTIF('Test Cases'!J4:J245,"Untested") -> 200
A9: Ngày cập nhật | B9: 23/09/2026
A11: Phân bổ theo module
A12: Module | B12: Số lượng TC
A13: A. TRANG CHỦ (HOME PAGE) | B13: =COUNTIF('Test Cases'!$B$4:$B$245,"TC_HOME_*") -> 12
A14: B. DANH MỤC FANDOM (CATEGORY HUB) | B14: =COUNTIF('Test Cases'!$B$4:$B$245,"TC_CAT_*") -> 20
A15: C. TÌM KIẾM TOÀN CỤC (GLOBAL SEARCH) | B15: =COUNTIF('Test Cases'!$B$4:$B$245,"TC_SEARCH_*") -> 15
A16: D. THƯ VIỆN ẢNH (IMAGE GALLERY / LIGHTBOX) | B16: =COUNTIF('Test Cases'!$B$4:$B$245,"TC_GAL_*") -> 10
A17: E. VIDEO & AUDIO | B17: =COUNTIF('Test Cases'!$B$4:$B$245,"TC_MEDIA_*") -> 12
A18: F. BÀI VIẾT NỔI BẬT (FEATURED ARTICLES) | B18: =COUNTIF('Test Cases'!$B$4:$B$245,"TC_ART_*") -> 10
A19: G. HỒ SƠ NHÂN VẬT (CHARACTER PROFILES) | B19: =COUNTIF('Test Cases'!$B$4:$B$245,"TC_CHAR_*") -> 14
A20: H. SỰ KIỆN (EVENT HIGHLIGHTS) | B20: =COUNTIF('Test Cases'!$B$4:$B$245,"TC_EVT_*") -> 10
A21: I. TRAILER | B21: =COUNTIF('Test Cases'!$B$4:$B$245,"TC_TRL_*") -> 12
A22: J. MERCHANDISE & GIỎ HÀNG | B22: =COUNTIF('Test Cases'!$B$4:$B$245,"TC_MERCH_*") -> 22
A23: K. CHATBOT AI | B23: =COUNTIF('Test Cases'!$B$4:$B$245,"TC_BOT_*") -> 16
A24: L. BOOKMARK & GHI CHÚ | B24: =COUNTIF('Test Cases'!$B$4:$B$245,"TC_BM_*") -> 14
A25: M. TÍNH NĂNG BỔ SUNG (VISITOR COUNTER, CLOCK, BREADCRUMB, LOGIN GIẢ LẬP, TRANG TĨNH) | B25: =COUNTIF('Test Cases'!$B$4:$B$245,"TC_MISC_*") -> 16
A26: N. TƯƠNG THÍCH, HIỆU NĂNG & KHẢ NĂNG TIẾP CẬN | B26: =COUNTIF('Test Cases'!$B$4:$B$245,"TC_QA_*") -> 17
A28: Phân bổ theo Mức độ ưu tiên
A29: Mức độ | B29: Số lượng TC
A30: Critical | B30: =COUNTIF('Test Cases'!K4:K245,"Critical") -> 17
A31: Major | B31: =COUNTIF('Test Cases'!K4:K245,"Major") -> 65
A32: Minor | B32: =COUNTIF('Test Cases'!K4:K245,"Minor") -> 118

Sheet Hướng dẫn
A1: HƯỚNG DẪN SỬ DỤNG FILE TEST CASE GIAO DIỆN (UI) - DỰ ÁN FANDOMVERSE
A3: 0. Phạm vi của bộ test case này:
A4: - Toàn bộ test case trong file chỉ kiểm thử qua GIAO DIỆN (trình duyệt web / trình duyệt di động), theo đúng kiến trúc FandomVerse là Single Page Application (SPA) client-side, không có backend/database.
A5: - KHÔNG bao gồm: kiểm thử mã nguồn JavaScript chi tiết (unit test), kiểm tra tính đúng đắn của dữ liệu JSON tĩnh ở mức nội dung biên tập, hay các công cụ ngoài trình duyệt/thiết bị thật.
A6: - File JSON tĩnh (contents.json, characters.json, events.json, trailers.json, merchandise.json, chatbot_faq.json) được xem là dữ liệu đầu vào có sẵn; một số test case yêu cầu chuẩn bị bản ghi test riêng trên môi trường Staging (được ghi rõ trong cột Ghi chú).
A8: 1. Cấu trúc file gồm 3 sheet:
A9: - Test Cases: 200 test case chi tiết, chia theo 14 nhóm chức năng bám sát SRS FandomVerse v2.0 (Trang chủ, Category Hub, Tìm kiếm, Gallery, Video/Audio, Bài viết, Nhân vật, Sự kiện, Trailer, Merchandise/Giỏ hàng, Chatbot AI, Bookmark/Ghi chú, Tính năng bổ sung, Tương thích-Hiệu năng-Tiếp cận).
A10: - Tổng hợp: Thống kê nhanh số lượng Pass/Fail/Blocked/Untested và phân bổ theo module, mức độ ưu tiên (tự động tính bằng công thức).
A11: - Hướng dẫn: Trang mô tả cách sử dụng file này.
A13: 2. Giải thích các cột trong sheet Test Cases:
A14: - STT: Số thứ tự của test case trong từng nhóm chức năng.
A15: - ID/Mã kiểm thử: Mã định danh duy nhất theo quy tắc TC_<Module>_<Số> (VD: TC_HOME_01, TC_CAT_01, TC_MERCH_01).
... A39: - Cập nhật lại sheet Tổng hợp (F9 để recalculate) sau mỗi đợt thực thi để có số liệu thống kê mới nhất.
